{
    "rmse": 0.9426906958824565,
    "mae": 0.747813620535745,
    "r2": 0.16971108647134792
}